brand,one,two,three
1,-0.07067,0.14095,0.12535
2,-0.05096,0.10163,0.09039
3,-0.03630,0.07240,0.06439
4,-0.06133,0.12231,0.10878
5,-0.05336,0.10642,0.09465
6,-0.04242,0.08460,0.07524
7,-0.05557,0.11082,0.09856
8,-0.03751,0.07480,0.06653
9,-0.02057,0.04102,0.03648
10,-0.01998,0.03986,0.03545
11,-0.02307,0.04601,0.04092
